Person,Certified,Taught
48,2014-05-04,2014-09-11
75,2013-07-20,2013-03-20
75,2013-07-20,2013-03-24
75,2013-07-20,2013-04-08
75,2013-07-20,2013-06-03
75,2013-07-20,2013-07-18
75,2013-07-20,2013-08-27
75,2013-07-20,2013-12-03
75,2013-07-20,2014-01-21
75,2013-07-20,2014-01-30
75,2013-07-20,2014-04-29
75,2013-07-20,2014-05-23
75,2013-07-20,2014-08-05
75,2013-07-20,2015-01-07
75,2013-07-20,2015-04-13
75,2013-07-20,2015-07-06
85,2014-12-23,2015-03-06
85,2014-12-23,2015-06-17
85,2014-12-23,2015-07-16
85,2014-12-23,2016-01-19
87,2013-11-25,2014-05-12
87,2013-11-25,2015-03-20
87,2013-11-25,2015-09-08
87,2013-11-25,2015-11-05
135,2015-02-03,2015-09-03
155,2014-09-18,2015-01-15
155,2014-09-18,2015-04-09
155,2014-09-18,2015-10-22
161,2014-11-27,2015-01-14
161,2014-11-27,2015-09-28
183,2014-10-16,2015-04-16
187,2015-02-27,2015-07-02
187,2015-02-27,2015-08-03
187,2015-02-27,2015-09-28
231,2012-12-20,2012-11-28
231,2012-12-20,2013-03-07
231,2012-12-20,2014-01-27
231,2012-12-20,2014-07-19
253,2014-10-03,2015-01-08
266,2014-12-23,2013-05-09
266,2014-12-23,2013-12-03
266,2014-12-23,2014-12-03
266,2014-12-23,2015-02-03
266,2014-12-23,2015-04-16
266,2014-12-23,2015-11-25
266,2014-12-23,2016-02-16
319,2012-12-20,2012-07-12
319,2012-12-20,2012-07-19
319,2012-12-20,2012-11-08
319,2012-12-20,2013-06-09
319,2012-12-20,2014-04-14
319,2012-12-20,2014-06-22
319,2012-12-20,2014-07-02
319,2012-12-20,2014-10-06
319,2012-12-20,2014-12-18
319,2012-12-20,2015-01-08
319,2012-12-20,2016-02-02
345,2016-02-12,2016-01-16
361,2013-11-25,2014-04-09
361,2013-11-25,2014-06-20
361,2013-11-25,2014-06-24
361,2013-11-25,2014-07-08
361,2013-11-25,2014-10-11
361,2013-11-25,2014-12-18
361,2013-11-25,2015-05-26
361,2013-11-25,2016-01-03
410,2015-02-27,2015-02-23
410,2015-02-27,2015-02-26
410,2015-02-27,2015-06-23
410,2015-02-27,2015-08-24
410,2015-02-27,2016-02-02
415,2014-08-12,2014-07-24
415,2014-08-12,2015-01-05
464,2014-09-18,2015-02-21
464,2014-09-18,2015-10-03
464,2014-09-18,2016-02-18
464,2014-09-18,2016-05-07
497,2014-05-04,2014-10-30
497,2014-05-04,2015-05-11
497,2014-05-04,2015-06-25
497,2014-05-04,2016-01-09
500,2013-07-20,2013-09-24
500,2013-07-20,2013-10-03
500,2013-07-20,2014-02-13
500,2013-07-20,2014-02-18
500,2013-07-20,2014-07-14
500,2013-07-20,2014-10-31
500,2013-07-20,2014-12-11
506,2015-02-28,2015-05-04
544,2014-11-27,2015-11-30
559,2014-11-05,2014-06-24
559,2014-11-05,2014-07-08
559,2014-11-05,2015-01-05
570,2013-11-17,2013-09-24
570,2013-11-17,2014-07-30
570,2013-11-17,2016-02-01
574,2014-05-09,2014-08-26
574,2014-05-09,2016-03-23
609,2014-05-04,2014-02-11
609,2014-05-04,2014-10-06
614,2015-05-05,2015-06-22
616,2015-05-26,2015-11-25
647,2013-11-17,2013-08-22
647,2013-11-17,2015-01-26
647,2013-11-17,2015-04-18
647,2013-11-17,2015-07-13
670,2014-07-22,2013-04-04
670,2014-07-22,2013-09-27
670,2014-07-22,2014-02-18
684,2015-06-12,2015-08-24
684,2015-06-12,2015-09-28
684,2015-06-12,2015-10-19
751,2015-03-25,2015-06-18
751,2015-03-25,2016-02-02
761,2015-05-05,2015-01-15
779,2013-07-20,2013-06-17
779,2013-07-20,2013-09-19
779,2013-07-20,2013-10-03
779,2013-07-20,2013-10-17
779,2013-07-20,2014-09-18
779,2013-07-20,2014-11-06
779,2013-07-20,2015-04-17
779,2013-07-20,2015-09-15
814,2014-11-11,2015-04-16
815,2015-03-25,2015-06-18
832,2015-05-14,2016-02-05
840,2014-11-27,2013-08-22
840,2014-11-27,2015-01-29
841,2012-12-20,2012-10-25
841,2012-12-20,2012-12-04
841,2012-12-20,2013-04-27
841,2012-12-20,2013-05-09
841,2012-12-20,2013-05-13
841,2012-12-20,2013-09-16
841,2012-12-20,2014-02-24
841,2012-12-20,2014-04-14
841,2012-12-20,2014-08-14
841,2012-12-20,2015-01-03
841,2012-12-20,2015-08-17
841,2012-12-20,2016-01-03
906,2012-12-20,2012-09-28
906,2012-12-20,2012-10-25
906,2012-12-20,2012-11-30
906,2012-12-20,2013-05-23
906,2012-12-20,2013-07-27
906,2012-12-20,2013-08-23
906,2012-12-20,2013-09-16
906,2012-12-20,2014-03-10
906,2012-12-20,2015-01-03
906,2012-12-20,2015-09-24
920,2016-03-22,2013-03-04
949,2015-05-05,2014-08-25
949,2015-05-05,2015-04-27
949,2015-05-05,2015-06-03
965,2012-12-20,2012-05-07
965,2012-12-20,2012-11-15
965,2012-12-20,2013-02-25
965,2012-12-20,2013-04-04
965,2012-12-20,2014-04-14
965,2012-12-20,2015-07-06
965,2012-12-20,2015-11-23
978,2015-05-26,2015-09-24
1007,2013-07-24,2013-01-11
1007,2013-07-24,2013-01-21
1007,2013-07-24,2013-05-16
1007,2013-07-24,2013-05-20
1007,2013-07-24,2014-01-27
1007,2013-07-24,2014-03-17
1007,2013-07-24,2014-05-12
1007,2013-07-24,2015-03-05
1060,2014-11-05,2014-08-12
1060,2014-11-05,2015-08-20
1099,2014-05-09,2014-02-11
1099,2014-05-09,2014-05-12
1099,2014-05-09,2014-07-15
1122,2015-10-13,2016-03-17
1126,2015-08-03,2014-11-24
1126,2015-08-03,2015-01-14
1126,2015-08-03,2015-08-26
1126,2015-08-03,2015-09-10
1126,2015-08-03,2015-10-29
1126,2015-08-03,2016-01-11
1126,2015-08-03,2016-01-19
1126,2015-08-03,2016-04-18
1139,2014-11-27,2015-08-24
1157,2013-07-24,2012-05-16
1157,2013-07-24,2012-12-10
1158,2012-12-20,2012-04-30
1158,2012-12-20,2012-05-14
1158,2012-12-20,2012-09-13
1158,2012-12-20,2013-02-06
1182,2016-02-29,2016-01-30
1182,2016-02-29,2016-04-02
1270,2014-08-12,2014-06-24
1270,2014-08-12,2014-08-06
1270,2014-08-12,2015-01-08
1270,2014-08-12,2016-01-11
1286,2014-05-04,2014-02-22
1292,2013-12-05,2014-06-16
1325,2015-03-25,2015-06-25
1325,2015-03-25,2015-07-22
1325,2015-03-25,2015-08-26
1325,2015-03-25,2016-01-18
1359,2014-05-09,2014-06-24
1359,2014-05-09,2014-08-11
1359,2014-05-09,2014-09-24
1359,2014-05-09,2014-11-07
1359,2014-05-09,2015-03-06
1359,2014-05-09,2015-04-01
1359,2014-05-09,2015-05-12
1359,2014-05-09,2015-06-22
1359,2014-05-09,2015-06-25
1359,2014-05-09,2015-10-12
1428,2014-09-18,2015-06-02
1445,2014-07-22,2013-07-01
1445,2014-07-22,2014-03-17
1481,2012-12-20,2012-05-22
1481,2012-12-20,2013-01-30
1481,2012-12-20,2013-05-06
1481,2012-12-20,2013-06-24
1481,2012-12-20,2013-09-05
1481,2012-12-20,2014-01-08
1481,2012-12-20,2014-06-24
1481,2012-12-20,2015-08-24
1481,2012-12-20,2016-02-22
1486,2012-12-20,2012-05-14
1524,2015-01-07,2015-04-09
1553,2014-05-04,2014-04-03
1553,2014-05-04,2014-06-10
1553,2014-05-04,2014-06-15
1553,2014-05-04,2014-11-12
1553,2014-05-04,2015-06-15
1553,2014-05-04,2015-11-04
1585,2015-05-26,2014-09-29
1585,2015-05-26,2015-04-02
1585,2015-05-26,2015-09-23
1585,2015-05-26,2016-03-23
1637,2014-05-04,2015-05-19
1649,2014-11-22,2014-04-14
1649,2014-11-22,2014-11-06
1649,2014-11-22,2015-01-10
1649,2014-11-22,2015-05-12
1649,2014-11-22,2016-02-22
1649,2014-11-22,2016-03-14
1658,2015-02-28,2015-04-08
1678,2014-12-08,2015-03-24
1678,2014-12-08,2015-05-19
1678,2014-12-08,2015-08-19
1678,2014-12-08,2015-12-10
1685,2013-07-24,2012-07-10
1685,2013-07-24,2013-05-02
1685,2013-07-24,2013-05-06
1685,2013-07-24,2014-02-18
1685,2013-07-24,2014-02-28
1687,2014-11-17,2013-04-04
1687,2014-11-17,2013-05-16
1687,2014-11-17,2013-07-08
1687,2014-11-17,2013-08-22
1687,2014-11-17,2014-05-08
1687,2014-11-17,2014-06-16
1687,2014-11-17,2015-01-29
1687,2014-11-17,2016-04-11
1701,2012-12-20,2012-02-20
1701,2012-12-20,2012-05-14
1701,2012-12-20,2012-10-30
1701,2012-12-20,2013-01-22
1701,2012-12-20,2013-01-25
1701,2012-12-20,2013-03-07
1701,2012-12-20,2015-09-17
1701,2012-12-20,2015-12-07
1701,2012-12-20,2015-12-15
1701,2012-12-20,2016-05-04
1757,2015-05-05,2015-07-24
1757,2015-05-05,2015-10-19
1798,2015-02-27,2015-03-10
1798,2015-02-27,2015-04-08
1798,2015-02-27,2015-05-27
1798,2015-02-27,2015-10-07
1798,2015-02-27,2015-11-11
1804,2013-11-25,2013-06-17
1804,2013-11-25,2013-09-19
1804,2013-11-25,2014-07-08
1804,2013-11-25,2014-09-18
1804,2013-11-25,2015-01-15
1804,2013-11-25,2015-06-22
1804,2013-11-25,2015-09-15
1806,2014-11-22,2014-02-03
1806,2014-11-22,2016-03-08
1827,2012-12-20,2012-02-23
1827,2012-12-20,2012-06-18
1827,2012-12-20,2012-10-17
1827,2012-12-20,2012-10-20
1827,2012-12-20,2012-10-23
1827,2012-12-20,2013-02-25
1827,2012-12-20,2013-05-09
1827,2012-12-20,2013-05-13
1827,2012-12-20,2013-06-25
1827,2012-12-20,2013-11-23
1827,2012-12-20,2014-03-17
1827,2012-12-20,2014-09-22
1827,2012-12-20,2015-01-03
1827,2012-12-20,2015-07-06
1828,2013-11-17,2013-10-17
1828,2013-11-17,2014-01-30
1828,2013-11-17,2014-03-17
1828,2013-11-17,2015-01-29
1828,2013-11-17,2015-06-25
1828,2013-11-17,2016-01-28
1828,2013-11-17,2016-02-08
1828,2013-11-17,2016-02-25
1914,2015-02-27,2015-07-20
1914,2015-02-27,2016-02-01
1942,2014-10-16,2014-12-15
1942,2014-10-16,2015-03-03
1942,2014-10-16,2015-10-27
1942,2014-10-16,2016-01-06
1954,2013-11-17,2013-05-09
1954,2013-11-17,2014-05-05
1954,2013-11-17,2014-06-04
1954,2013-11-17,2014-10-06
1954,2013-11-17,2014-11-06
1954,2013-11-17,2015-01-10
1954,2013-11-17,2015-04-18
1980,2015-05-26,2016-02-22
1983,2016-04-08,2016-04-25
1987,2012-12-20,2013-01-12
1987,2012-12-20,2013-07-15
1987,2012-12-20,2013-11-14
1987,2012-12-20,2014-01-06
1987,2012-12-20,2014-07-14
1998,2014-11-05,2014-06-02
2036,2015-06-12,2015-09-15
2036,2015-06-12,2015-09-28
2036,2015-06-12,2015-10-17
2036,2015-06-12,2015-11-20
2036,2015-06-12,2016-01-19
2036,2015-06-12,2016-04-28
2037,2016-01-30,2015-10-07
2037,2016-01-30,2016-02-01
2037,2016-01-30,2016-03-31
2037,2016-01-30,2016-05-12
2054,2016-02-25,2015-05-27
2054,2016-02-25,2015-08-04
2054,2016-02-25,2015-09-24
2054,2016-02-25,2015-10-12
2054,2016-02-25,2016-01-07
2054,2016-02-25,2016-04-29
2106,2013-11-17,2014-01-08
2106,2013-11-17,2014-01-27
2106,2013-11-17,2014-02-15
2106,2013-11-17,2014-04-04
2106,2013-11-17,2014-06-02
2106,2013-11-17,2014-11-27
2106,2013-11-17,2015-01-11
2106,2013-11-17,2015-03-24
2106,2013-11-17,2015-04-15
2106,2013-11-17,2015-05-19
2106,2013-11-17,2015-05-27
2106,2013-11-17,2016-04-12
2152,2012-12-20,2011-11-07
2152,2012-12-20,2012-02-23
2152,2012-12-20,2012-07-19
2184,2015-05-05,2014-10-31
2184,2015-05-05,2015-04-17
2184,2015-05-05,2015-08-21
2184,2015-05-05,2016-04-07
2261,2012-12-20,2012-07-16
2261,2012-12-20,2012-11-10
2261,2012-12-20,2013-01-30
2261,2012-12-20,2013-05-02
2261,2012-12-20,2013-05-06
2261,2012-12-20,2013-09-16
2261,2012-12-20,2013-10-25
2261,2012-12-20,2014-01-27
2261,2012-12-20,2014-02-24
2261,2012-12-20,2015-05-27
2261,2012-12-20,2015-09-24
2261,2012-12-20,2016-01-03
2272,2014-05-04,2014-06-04
2272,2014-05-04,2015-06-02
2272,2014-05-04,2015-07-27
2274,2013-07-24,2013-04-04
2278,2015-07-08,2016-01-13
2375,2013-07-20,2014-02-13
2375,2013-07-20,2014-02-18
2375,2013-07-20,2016-02-01
2406,2015-02-03,2015-04-16
2406,2015-02-03,2015-12-14
2406,2015-02-03,2016-02-16
2406,2015-02-03,2016-03-23
2416,2016-04-25,2016-05-02
2436,2014-10-03,2015-04-02
2436,2014-10-03,2015-05-11
2436,2014-10-03,2015-09-08
2436,2014-10-03,2015-11-11
2436,2014-10-03,2016-02-22
2452,2015-05-05,2015-08-24
2478,2013-07-20,2012-09-13
2478,2013-07-20,2013-01-25
2478,2013-07-20,2013-02-06
2495,2013-11-17,2013-05-06
2495,2013-11-17,2013-09-23
2507,2013-07-20,2014-02-13
2507,2013-07-20,2014-02-18
2515,2016-05-13,2016-03-31
2525,2014-05-04,2015-08-10
2550,2014-12-11,2014-08-23
2550,2014-12-11,2015-08-20
2550,2014-12-11,2015-09-22
2551,2015-06-12,2014-08-12
2551,2015-06-12,2015-08-20
2551,2015-06-12,2016-01-19
2554,2015-06-04,2015-06-02
2554,2015-06-04,2015-12-02
2554,2015-06-04,2016-02-01
2586,2015-05-05,2015-11-16
2586,2015-05-05,2016-03-21
2589,2014-10-03,2012-10-30
2589,2014-10-03,2015-01-13
2589,2014-10-03,2015-10-12
2618,2016-04-14,2014-04-23
2623,2015-03-12,2015-07-22
2636,2014-05-09,2014-08-21
2636,2014-05-09,2015-12-15
2653,2014-12-08,2015-04-16
2653,2014-12-08,2015-10-12
2653,2014-12-08,2016-01-19
2653,2014-12-08,2016-04-25
2707,2014-12-23,2015-01-15
2707,2014-12-23,2015-04-09
2742,2014-05-04,2015-01-27
2742,2014-05-04,2015-09-15
2759,2014-12-08,2015-08-26
2761,2014-11-13,2014-01-07
2761,2014-11-13,2014-11-06
2761,2014-11-13,2015-05-14
2761,2014-11-13,2015-09-10
2761,2014-11-13,2016-05-16
2848,2015-05-26,2015-06-25
2848,2015-05-26,2016-04-25
2851,2013-11-17,2014-01-08
2851,2013-11-17,2014-04-14
2851,2013-11-17,2014-08-11
2943,2013-11-17,2013-10-25
2943,2013-11-17,2014-01-13
2943,2013-11-17,2014-04-14
2943,2013-11-17,2014-06-24
2943,2013-11-17,2014-09-24
2943,2013-11-17,2014-10-06
2943,2013-11-17,2014-11-07
2943,2013-11-17,2015-01-08
2943,2013-11-17,2015-01-29
2943,2013-11-17,2015-03-23
2943,2013-11-17,2015-04-01
2943,2013-11-17,2015-06-15
2943,2013-11-17,2015-08-27
2943,2013-11-17,2015-11-11
2943,2013-11-17,2016-01-11
2943,2013-11-17,2016-01-13
2943,2013-11-17,2016-03-07
2943,2013-11-17,2016-04-12
2978,2014-12-08,2015-02-14
2978,2014-12-08,2015-03-30
2978,2014-12-08,2015-06-22
2978,2014-12-08,2016-03-28
2978,2014-12-08,2016-05-04
3000,2015-05-14,2016-02-05
3008,2016-02-04,2015-10-17
3008,2016-02-04,2016-02-02
3012,2014-11-20,2014-12-03
3012,2014-11-20,2014-12-11
3032,2015-06-12,2015-07-16
3032,2015-06-12,2015-11-19
3060,2015-02-27,2015-04-08
3077,2014-12-11,2015-05-11
3077,2014-12-11,2015-08-13
3115,2014-11-27,2014-07-15
3115,2014-11-27,2014-10-30
3115,2014-11-27,2015-01-31
3115,2014-11-27,2015-02-05
3115,2014-11-27,2015-05-27
3115,2014-11-27,2015-08-06
3126,2014-12-08,2015-01-27
3126,2014-12-08,2015-08-20
3126,2014-12-08,2015-09-28
3126,2014-12-08,2015-11-05
3142,2013-07-20,2013-02-25
3142,2013-07-20,2013-06-06
3142,2013-07-20,2013-09-26
3142,2013-07-20,2014-01-06
3150,2012-12-20,2011-11-07
3150,2012-12-20,2012-02-20
3150,2012-12-20,2012-07-10
3150,2012-12-20,2013-01-31
3150,2012-12-20,2013-07-15
3150,2012-12-20,2013-09-21
3150,2012-12-20,2014-03-17
3150,2012-12-20,2014-07-08
3150,2012-12-20,2014-10-06
3150,2012-12-20,2015-06-22
3151,2014-12-23,2015-06-09
3151,2014-12-23,2015-07-23
3151,2014-12-23,2015-09-23
3169,2012-12-20,2012-03-26
3186,2014-05-04,2014-04-14
3186,2014-05-04,2014-11-06
3186,2014-05-04,2015-01-10
3211,2015-03-12,2015-07-02
3211,2015-03-12,2015-09-28
3211,2015-03-12,2015-10-01
3211,2015-03-12,2015-11-26
3211,2015-03-12,2015-12-09
3211,2015-03-12,2016-02-01
3218,2015-01-21,2015-04-15
3218,2015-01-21,2015-08-20
3218,2015-01-21,2015-11-20
3218,2015-01-21,2016-03-07
3218,2015-01-21,2016-03-21
3226,2014-05-09,2014-04-14
3226,2014-05-09,2014-09-22
3226,2014-05-09,2015-07-06
3242,2015-04-20,2015-11-22
3248,2012-12-20,2012-10-08
3248,2012-12-20,2013-05-06
3248,2012-12-20,2013-07-11
3248,2012-12-20,2014-03-10
3278,2015-01-21,2015-04-18
3278,2015-01-21,2015-08-13
3287,2015-04-20,2015-03-03
3287,2015-04-20,2015-03-20
3287,2015-04-20,2015-04-22
3287,2015-04-20,2015-07-15
3287,2015-04-20,2015-10-27
3287,2015-04-20,2015-11-05
3287,2015-04-20,2016-01-06
3291,2012-12-20,2012-10-18
3291,2012-12-20,2013-01-11
3291,2012-12-20,2013-01-21
3291,2012-12-20,2013-02-05
3291,2012-12-20,2013-05-23
3291,2012-12-20,2013-06-06
3291,2012-12-20,2014-04-09
3291,2012-12-20,2014-05-23
3291,2012-12-20,2015-10-06
3321,2014-12-23,2015-11-11
3321,2014-12-23,2015-12-15
3375,2015-03-12,2015-10-01
3375,2015-03-12,2015-10-07
3375,2015-03-12,2016-02-01
3411,2013-11-17,2014-03-17
3411,2013-11-17,2014-04-29
3411,2013-11-17,2014-06-26
3411,2013-11-17,2014-07-24
3411,2013-11-17,2014-09-11
3411,2013-11-17,2015-01-27
3411,2013-11-17,2015-04-18
3411,2013-11-17,2016-02-22
3411,2013-11-17,2016-03-07
3417,2014-11-27,2015-04-18
3417,2014-11-27,2015-05-27
3417,2014-11-27,2015-11-19
3417,2014-11-27,2016-03-07
3424,2013-11-17,2013-04-04
3424,2013-11-17,2013-09-27
3424,2013-11-17,2013-10-24
3424,2013-11-17,2014-02-18
3424,2013-11-17,2014-05-19
3424,2013-11-17,2015-02-25
3459,2012-12-20,2012-06-28
3459,2012-12-20,2013-01-22
3459,2012-12-20,2013-04-20
3459,2012-12-20,2014-05-19
3459,2012-12-20,2015-04-13
3459,2012-12-20,2015-11-19
3485,2015-03-12,2015-04-23
3485,2015-03-12,2015-07-23
3509,2013-11-17,2014-01-18
3509,2013-11-17,2014-03-17
3509,2013-11-17,2014-12-16
3553,2015-03-05,2016-02-02
3569,2016-02-11,2016-05-09
3601,2014-11-25,2015-01-29
3601,2014-11-25,2015-03-05
3601,2014-11-25,2015-04-30
3601,2014-11-25,2015-07-24
3601,2014-11-25,2016-05-17
3623,2012-12-20,2011-11-07
3623,2012-12-20,2012-02-20
3623,2012-12-20,2012-04-02
3623,2012-12-20,2012-10-17
3623,2012-12-20,2012-10-20
3623,2012-12-20,2013-01-12
3623,2012-12-20,2013-04-29
3623,2012-12-20,2013-06-25
3623,2012-12-20,2014-04-14
3623,2012-12-20,2015-06-04
3623,2012-12-20,2015-07-06
3623,2012-12-20,2016-01-14
3699,2015-04-20,2015-06-04
3699,2015-04-20,2015-08-17
3719,2014-11-05,2014-05-08
3719,2014-11-05,2014-06-25
3719,2014-11-05,2014-07-10
3719,2014-11-05,2014-11-24
3719,2014-11-05,2015-09-17
3719,2014-11-05,2015-12-15
3724,2014-09-18,2014-09-30
3724,2014-09-18,2015-01-27
3729,2013-11-17,2013-02-14
3729,2013-11-17,2013-11-25
3729,2013-11-17,2014-02-10
3729,2013-11-17,2014-03-18
3729,2013-11-17,2014-06-02
3729,2013-11-17,2014-07-30
3729,2013-11-17,2014-08-18
3729,2013-11-17,2014-09-15
3729,2013-11-17,2014-12-08
3729,2013-11-17,2015-02-16
3729,2013-11-17,2015-05-25
3729,2013-11-17,2015-07-13
3743,2013-07-24,2013-05-06
3743,2013-07-24,2013-07-01
3743,2013-07-24,2014-06-30
3763,2012-12-20,2012-05-14
3763,2012-12-20,2012-10-22
3763,2012-12-20,2012-10-30
3763,2012-12-20,2012-12-04
3763,2012-12-20,2013-04-13
3763,2012-12-20,2013-04-18
3763,2012-12-20,2013-07-15
3763,2012-12-20,2013-12-03
3763,2012-12-20,2014-07-21
3763,2012-12-20,2014-09-16
3763,2012-12-20,2014-12-03
3763,2012-12-20,2016-03-10
3826,2014-12-08,2015-06-25
3902,2015-05-26,2015-07-16
3913,2013-07-20,2013-04-18
3921,2015-02-06,2013-12-16
3950,2015-08-09,2015-08-04
3950,2015-08-09,2015-10-03
3950,2015-08-09,2016-01-30
3950,2015-08-09,2016-03-28
4074,2015-03-25,2015-02-16
4074,2015-03-25,2015-06-18
4074,2015-03-25,2016-02-02
4092,2013-07-24,2012-11-10
4092,2013-07-24,2013-06-09
4092,2013-07-24,2014-04-14
4096,2016-02-29,2013-03-24
4124,2015-07-07,2016-04-14
4181,2014-07-22,2014-03-17
4181,2014-07-22,2015-04-09
4193,2015-02-28,2014-08-18
4193,2015-02-28,2015-05-04
4193,2015-02-28,2015-06-08
4193,2015-02-28,2015-07-13
4210,2013-07-20,2012-10-17
4210,2013-07-20,2012-10-20
4210,2013-07-20,2013-03-04
4210,2013-07-20,2013-04-13
4210,2013-07-20,2014-01-18
4210,2013-07-20,2014-01-27
4210,2013-07-20,2014-01-31
4210,2013-07-20,2014-03-17
4210,2013-07-20,2015-12-14
4251,2013-11-17,2014-02-22
4251,2013-11-17,2014-03-17
4251,2013-11-17,2014-04-09
4251,2013-11-17,2014-06-25
4251,2013-11-17,2014-07-28
4251,2013-11-17,2015-01-05
4251,2013-11-17,2015-05-11
4251,2013-11-17,2015-06-03
4251,2013-11-17,2015-08-26
4251,2013-11-17,2015-12-07
4251,2013-11-17,2016-01-05
4251,2013-11-17,2016-01-14
4251,2013-11-17,2016-04-25
4260,2013-07-20,2014-04-03
4261,2014-12-11,2015-04-16
4272,2015-02-28,2014-08-18
4293,2013-07-24,2013-01-21
4293,2013-07-24,2013-02-25
4293,2013-07-24,2013-05-06
4293,2013-07-24,2013-06-06
4293,2013-07-24,2013-12-03
4293,2013-07-24,2014-01-27
4293,2013-07-24,2014-02-22
4293,2013-07-24,2014-03-17
4293,2013-07-24,2014-06-16
4293,2013-07-24,2014-08-21
4334,2013-11-17,2015-01-10
4422,2016-01-18,2015-12-07
4422,2016-01-18,2016-01-25
4422,2016-01-18,2016-04-04
4423,2015-07-05,2014-11-17
4423,2015-07-05,2015-01-13
4423,2015-07-05,2015-06-02
4423,2015-07-05,2015-11-11
4423,2015-07-05,2015-11-16
4435,2014-10-16,2014-12-06
4435,2014-10-16,2015-02-21
4435,2014-10-16,2015-10-03
4444,2014-11-27,2015-03-19
4446,2013-07-20,2013-05-18
4446,2013-07-20,2013-07-03
4446,2013-07-20,2014-04-23
4446,2013-07-20,2014-05-19
4446,2013-07-20,2015-02-26
4446,2013-07-20,2015-11-20
4446,2013-07-20,2015-11-23
4446,2013-07-20,2015-12-02
4446,2013-07-20,2016-02-04
4458,2014-11-27,2015-04-16
4458,2014-11-27,2016-05-06
4488,2013-07-20,2013-01-30
4494,2014-09-18,2014-10-06
4494,2014-09-18,2015-01-11
4494,2014-09-18,2015-03-19
4494,2014-09-18,2015-05-19
4494,2014-09-18,2015-06-24
4507,2013-07-24,2013-01-31
4507,2013-07-24,2014-05-29
4513,2013-07-24,2013-02-25
4513,2013-07-24,2013-09-26
4513,2013-07-24,2014-09-25
4513,2013-07-24,2015-04-30
4513,2013-07-24,2015-09-22
4521,2015-09-25,2015-03-24
4521,2015-09-25,2015-08-19
4521,2015-09-25,2015-12-10
4521,2015-09-25,2016-01-12
4521,2015-09-25,2016-04-27
4551,2014-12-23,2015-01-29
4551,2014-12-23,2015-04-13
4551,2014-12-23,2016-01-28
4551,2014-12-23,2016-02-08
4551,2014-12-23,2016-02-25
4587,2014-12-11,2015-02-03
4587,2014-12-11,2016-02-02
4590,2013-11-17,2014-04-14
4628,2016-04-25,2015-09-10
4677,2015-12-08,2015-02-09
4677,2015-12-08,2016-04-25
4694,2014-05-09,2015-06-15
4770,2013-11-17,2014-03-17
4770,2013-11-17,2014-06-20
4770,2013-11-17,2014-10-11
4917,2015-07-05,2014-08-14
4918,2015-02-28,2015-04-08
4918,2015-02-28,2015-05-27
4918,2015-02-28,2015-09-10
4918,2015-02-28,2015-10-07
4941,2016-02-02,2016-02-02
4959,2014-08-07,2014-06-10
4959,2014-08-07,2014-07-19
4959,2014-08-07,2014-07-24
5024,2016-03-22,2016-01-19
5035,2016-02-17,2015-01-29
5035,2016-02-17,2015-04-30
5035,2016-02-17,2015-07-24
5041,2013-11-25,2013-05-30
5041,2013-11-25,2014-07-10
5041,2013-11-25,2014-07-15
5041,2013-11-25,2014-08-06
5041,2013-11-25,2014-12-14
5041,2013-11-25,2015-05-30
5041,2013-11-25,2015-07-09
5041,2013-11-25,2015-08-27
5041,2013-11-25,2015-11-04
5049,2014-11-11,2014-11-05
5049,2014-11-11,2016-02-17
5071,2015-02-27,2016-02-01
5248,2015-02-28,2015-07-02
5248,2015-02-28,2015-09-28
5248,2015-02-28,2015-10-01
5248,2015-02-28,2015-12-09
5248,2015-02-28,2016-05-12
5254,2015-06-26,2015-07-09
5254,2015-06-26,2015-12-14
5255,2014-11-14,2015-01-15
5255,2014-11-14,2015-04-09
5255,2014-11-14,2015-12-01
5268,2015-03-05,2016-02-02
5306,2016-02-02,2014-05-12
5332,2015-05-14,2015-06-23
5332,2015-05-14,2015-10-21
5332,2015-05-14,2015-10-26
5370,2013-07-20,2012-05-14
5370,2013-07-20,2012-10-22
5370,2013-07-20,2013-04-29
5381,2014-05-09,2014-05-12
5381,2014-05-09,2014-06-26
5381,2014-05-09,2014-07-17
5381,2014-05-09,2014-07-23
5381,2014-05-09,2014-10-06
5381,2014-05-09,2015-01-08
5381,2014-05-09,2015-03-06
5381,2014-05-09,2015-04-01
5381,2014-05-09,2015-05-04
5381,2014-05-09,2015-06-17
5381,2014-05-09,2015-07-30
5381,2014-05-09,2015-10-26
5381,2014-05-09,2016-01-19
5381,2014-05-09,2016-04-12
5382,2012-12-20,2012-07-09
5382,2012-12-20,2013-01-12
5382,2012-12-20,2013-06-24
5382,2012-12-20,2013-08-23
5385,2014-12-29,2015-01-15
5385,2014-12-29,2015-10-22
5389,2015-03-05,2015-11-03
5389,2015-03-05,2016-02-02
5414,2013-07-20,2012-12-10
5414,2013-07-20,2013-08-22
5414,2013-07-20,2014-02-15
5414,2013-07-20,2014-04-04
5498,2014-07-22,2013-08-28
5498,2014-07-22,2014-01-13
5498,2014-07-22,2014-08-25
5498,2014-07-22,2015-01-13
5498,2014-07-22,2015-06-03
5498,2014-07-22,2015-08-26
5498,2014-07-22,2016-01-14
5507,2014-11-27,2014-09-29
5507,2014-11-27,2015-03-18
5507,2014-11-27,2015-03-30
5507,2014-11-27,2016-03-07
5507,2014-11-27,2016-03-23
5519,2014-05-09,2015-06-25
5522,2016-03-15,2015-04-17
5522,2016-03-15,2015-08-21
5545,2014-05-04,2014-04-02
5545,2014-05-04,2014-06-16
5545,2014-05-04,2014-09-22
5545,2014-05-04,2014-10-22
5545,2014-05-04,2014-11-12
5545,2014-05-04,2015-01-06
5545,2014-05-04,2015-01-27
5545,2014-05-04,2015-02-11
5545,2014-05-04,2015-02-23
5545,2014-05-04,2015-02-26
5545,2014-05-04,2015-04-30
5545,2014-05-04,2015-10-17
5558,2015-02-27,2015-07-02
5558,2015-02-27,2015-09-28
5558,2015-02-27,2016-02-01
5570,2015-02-03,2015-03-23
5570,2015-02-03,2016-04-14
5573,2012-12-20,2012-10-18
5573,2012-12-20,2014-06-22
5641,2015-02-03,2015-02-21
5655,2015-10-22,2016-01-19
5655,2015-10-22,2016-03-02
5655,2015-10-22,2016-04-07
5673,2013-07-20,2013-03-07
5673,2013-07-20,2013-05-16
5673,2013-07-20,2013-05-20
5673,2013-07-20,2013-07-25
5673,2013-07-20,2013-08-04
5673,2013-07-20,2013-09-24
5673,2013-07-20,2013-10-01
5673,2013-07-20,2013-12-12
5720,2014-08-12,2014-07-08
5720,2014-08-12,2015-01-15
5752,2014-08-12,2015-01-08
5752,2014-08-12,2015-01-15
5752,2014-08-12,2015-05-27
5768,2014-07-22,2013-06-03
5768,2014-07-22,2013-08-23
5768,2014-07-22,2013-12-03
5768,2014-07-22,2014-08-21
5768,2014-07-22,2015-06-15
5802,2015-06-12,2015-08-20
5802,2015-06-12,2015-10-17
5810,2015-02-03,2016-02-22
5864,2013-07-24,2013-07-03
5864,2013-07-24,2014-04-23
5864,2013-07-24,2014-05-19
5864,2013-07-24,2015-02-26
5864,2013-07-24,2015-06-02
5864,2013-07-24,2015-12-02
5864,2013-07-24,2016-03-15
5880,2014-11-27,2014-11-10
5880,2014-11-27,2015-12-14
5938,2015-05-14,2015-06-25
5940,2014-11-27,2014-05-19
5940,2014-11-27,2014-11-05
5940,2014-11-27,2015-01-14
5940,2014-11-27,2015-02-25
5962,2014-12-23,2015-02-21
5962,2014-12-23,2016-02-18
5962,2014-12-23,2016-05-07
5991,2015-06-12,2015-05-27
5991,2015-06-12,2015-11-26
5998,2016-02-11,2016-04-19
6023,2016-02-04,2016-02-22
6042,2014-12-13,2015-01-14
6042,2014-12-13,2015-06-15
6042,2014-12-13,2015-08-26
6061,2013-07-20,2013-06-17
6061,2013-07-20,2013-07-18
6061,2013-07-20,2013-09-23
6061,2013-07-20,2014-01-21
6061,2013-07-20,2014-01-30
6061,2013-07-20,2014-07-08
6061,2013-07-20,2014-07-17
6061,2013-07-20,2016-04-28
6103,2014-07-22,2014-06-04
6103,2014-07-22,2014-10-06
6103,2014-07-22,2015-01-15
6103,2014-07-22,2015-01-31
6132,2014-07-22,2013-03-04
6132,2014-07-22,2013-04-13
6152,2014-12-11,2015-11-09
6157,2015-10-06,2015-11-17
6260,2016-01-30,2015-09-23
6269,2013-07-20,2013-04-18
6269,2013-07-20,2013-05-18
6269,2013-07-20,2013-06-24
6269,2013-07-20,2013-07-01
6269,2013-07-20,2013-07-11
6269,2013-07-20,2014-01-07
6269,2013-07-20,2014-01-14
6269,2013-07-20,2014-02-03
6269,2013-07-20,2014-04-09
6269,2013-07-20,2014-06-04
6269,2013-07-20,2014-10-22
6269,2013-07-20,2014-11-10
6269,2013-07-20,2014-11-27
6269,2013-07-20,2014-12-06
6269,2013-07-20,2015-01-06
6269,2013-07-20,2015-01-14
6269,2013-07-20,2015-02-03
6269,2013-07-20,2015-03-18
6269,2013-07-20,2015-06-24
6269,2013-07-20,2015-10-29
6269,2013-07-20,2015-11-09
6269,2013-07-20,2015-11-23
6269,2013-07-20,2015-12-14
6269,2013-07-20,2016-01-13
6269,2013-07-20,2016-01-18
6269,2013-07-20,2016-01-21
6269,2013-07-20,2016-01-28
6269,2013-07-20,2016-02-02
6269,2013-07-20,2016-03-10
6269,2013-07-20,2016-04-17
6269,2013-07-20,2016-05-04
6300,2012-12-20,2012-04-14
6300,2012-12-20,2012-12-10
6300,2012-12-20,2015-08-24
6300,2012-12-20,2016-02-05
6326,2013-11-17,2015-09-07
6326,2013-11-17,2016-02-17
6328,2012-12-20,2012-11-30
6335,2014-12-23,2015-01-05
6335,2014-12-23,2015-01-07
6335,2014-12-23,2015-08-06
6335,2014-12-23,2016-02-04
6335,2014-12-23,2016-04-12
6335,2014-12-23,2016-05-16
6414,2015-07-14,2015-07-16
6414,2015-07-14,2015-10-03
6419,2015-06-27,2016-04-14
6425,2016-01-30,2015-09-15
6425,2016-01-30,2016-01-18
6446,2014-12-23,2015-10-05
6450,2014-11-20,2015-02-25
6453,2015-07-10,2014-09-13
6453,2015-07-10,2015-03-21
6453,2015-07-10,2015-09-19
6453,2015-07-10,2015-09-26
6453,2015-07-10,2016-01-09
6453,2015-07-10,2016-01-16
6453,2015-07-10,2016-02-06
6453,2015-07-10,2016-04-02
6453,2015-07-10,2016-05-05
6496,2014-05-09,2015-03-26
6513,2015-01-07,2015-11-16
6536,2015-01-21,2015-05-30
6615,2015-05-26,2015-06-23
6615,2015-05-26,2015-10-21
6615,2015-05-26,2015-10-26
6639,2013-07-20,2013-04-13
6639,2013-07-20,2013-09-12
6639,2013-07-20,2013-10-01
6639,2013-07-20,2013-10-09
6639,2013-07-20,2014-10-31
6639,2013-07-20,2015-06-24
6639,2013-07-20,2016-03-03
6656,2015-03-11,2015-03-05
6656,2015-03-11,2015-09-22
6738,2015-02-28,2015-07-03
6777,2015-03-05,2015-04-08
6777,2015-03-05,2015-06-29
6777,2015-03-05,2015-09-28
6777,2015-03-05,2015-10-17
6785,2015-05-26,2015-10-22
6785,2015-05-26,2016-01-07
6802,2014-12-23,2015-09-03
6811,2014-10-03,2014-09-15
6811,2014-10-03,2014-12-08
6811,2014-10-03,2015-05-27
6811,2014-10-03,2015-06-29
6811,2014-10-03,2015-09-28
6843,2014-09-18,2015-04-30
6848,2014-11-27,2015-06-04
6882,2015-03-12,2015-07-20
6882,2015-03-12,2016-02-01
6886,2013-07-20,2013-03-04
6886,2013-07-20,2013-05-06
6886,2013-07-20,2013-07-01
6886,2013-07-20,2013-09-16
6886,2013-07-20,2014-01-27
6886,2013-07-20,2015-06-25
6886,2013-07-20,2015-10-22
6886,2013-07-20,2016-01-07
6886,2013-07-20,2016-02-22
6886,2013-07-20,2016-03-09
6886,2013-07-20,2016-03-31
6913,2016-02-29,2015-01-03
6922,2015-02-27,2015-02-09
6922,2015-02-27,2015-07-06
6943,2013-11-17,2014-04-29
6943,2013-11-17,2014-07-23
6969,2015-02-27,2015-02-23
6969,2015-02-27,2015-02-26
6969,2015-02-27,2015-06-18
6969,2015-02-27,2015-06-23
6969,2015-02-27,2015-11-03
6969,2015-02-27,2016-02-02
6991,2015-06-23,2015-09-08
7083,2014-12-11,2015-06-04
7083,2014-12-11,2016-02-22
7100,2015-05-05,2015-11-05
7169,2015-06-23,2016-02-29
7169,2015-06-23,2016-05-02
7176,2015-06-23,2015-10-19
7176,2015-06-23,2016-01-04
7195,2013-07-20,2013-09-05
7195,2013-07-20,2013-09-23
7195,2013-07-20,2014-09-30
7222,2015-03-15,2015-04-18
7222,2015-03-15,2016-01-07
7222,2015-03-15,2016-02-04
7222,2015-03-15,2016-03-02
7230,2012-12-20,2012-04-02
7230,2012-12-20,2012-10-08
7230,2012-12-20,2013-01-12
7230,2012-12-20,2013-08-28
7230,2012-12-20,2014-04-14
7233,2015-07-13,2015-08-17
7278,2014-07-22,2013-06-03
7278,2014-07-22,2013-08-23
7278,2014-07-22,2014-01-30
7278,2014-07-22,2014-03-17
7281,2016-01-30,2014-09-29
7281,2016-01-30,2016-04-14
7292,2014-11-22,2014-08-11
7306,2015-09-15,2015-09-06
7329,2014-12-23,2015-08-19
7344,2015-06-12,2015-09-23
7357,2015-03-05,2015-05-04
7370,2012-12-20,2012-10-08
7370,2012-12-20,2013-07-11
7370,2012-12-20,2014-03-17
7371,2014-12-23,2015-04-01
7371,2014-12-23,2015-06-04
7371,2014-12-23,2015-06-17
7371,2014-12-23,2015-06-23
7371,2014-12-23,2015-07-23
7371,2014-12-23,2015-08-24
7371,2014-12-23,2015-10-21
7371,2014-12-23,2016-01-19
7371,2014-12-23,2016-02-04
7371,2014-12-23,2016-04-28
7377,2014-09-18,2014-07-19
7377,2014-09-18,2014-09-30
7377,2014-09-18,2015-05-04
7377,2014-09-18,2015-12-15
7464,2013-11-17,2014-05-12
7464,2013-11-17,2014-08-18
7464,2013-11-17,2014-08-28
7464,2013-11-17,2014-09-01
7464,2013-11-17,2014-09-04
7464,2013-11-17,2014-12-11
7464,2013-11-17,2015-05-30
7464,2013-11-17,2015-06-19
7464,2013-11-17,2015-09-10
7485,2015-02-28,2015-09-10
7527,2013-11-25,2014-04-14
7527,2013-11-25,2015-01-05
7527,2013-11-25,2016-01-14
7533,2014-10-03,2015-03-10
7533,2014-10-03,2015-05-27
7533,2014-10-03,2015-11-23
7535,2015-04-20,2015-08-05
7535,2015-04-20,2015-09-17
7535,2015-04-20,2015-11-05
7535,2015-04-20,2015-12-08
7548,2015-06-12,2015-07-23
7548,2015-06-12,2015-08-27
7548,2015-06-12,2016-02-22
7548,2015-06-12,2016-04-29
7552,2014-12-08,2015-01-08
7552,2014-12-08,2015-08-24
7557,2012-12-20,2012-04-02
7557,2012-12-20,2012-06-18
7557,2012-12-20,2013-07-27
7557,2012-12-20,2015-07-23
7577,2014-08-01,2015-01-15
7615,2015-01-07,2015-03-05
7615,2015-01-07,2015-09-22
7659,2016-02-09,2016-02-16
7662,2014-12-11,2015-03-02
7662,2014-12-11,2015-04-02
7662,2014-12-11,2015-06-24
7662,2014-12-11,2015-07-13
7662,2014-12-11,2015-09-07
7662,2014-12-11,2015-11-05
7662,2014-12-11,2016-02-25
7663,2015-06-23,2016-03-28
7671,2015-09-25,2015-03-24
7671,2015-09-25,2015-08-19
7671,2015-09-25,2015-12-10
7671,2015-09-25,2016-01-12
7684,2015-02-03,2015-06-25
7691,2015-03-01,2015-07-02
7700,2014-09-18,2015-08-10
7729,2015-05-05,2015-11-11
7729,2015-05-05,2016-01-14
7729,2015-05-05,2016-04-25
7743,2014-11-05,2015-04-16
7743,2014-11-05,2015-07-15
7787,2014-11-22,2014-09-27
7787,2014-11-22,2015-01-10
7787,2014-11-22,2015-02-21
7787,2014-11-22,2015-10-03
7787,2014-11-22,2016-03-28
7788,2016-01-30,2015-09-10
7828,2013-11-17,2013-05-09
7828,2013-11-17,2014-01-14
7828,2013-11-17,2014-11-27
7828,2013-11-17,2016-01-26
7839,2015-02-28,2015-07-03
7858,2015-07-11,2015-06-02
7858,2015-07-11,2015-12-02
7858,2015-07-11,2016-02-01
7864,2013-07-20,2012-11-10
7864,2013-07-20,2013-06-24
7864,2013-07-20,2014-03-17
7864,2013-07-20,2015-01-05
7864,2013-07-20,2016-01-11
7881,2013-12-05,2014-10-13
7881,2013-12-05,2015-11-05
7917,2014-05-09,2015-06-22
7929,2014-10-03,2014-10-13
7969,2014-05-04,2015-02-21
7969,2014-05-04,2015-10-03
7969,2014-05-04,2015-11-02
7971,2015-03-12,2016-04-29
7976,2015-01-07,2015-01-15
7976,2015-01-07,2015-04-09
7976,2015-01-07,2015-06-25
7995,2012-12-20,2012-11-15
7995,2012-12-20,2013-05-09
7995,2012-12-20,2013-05-13
7995,2012-12-20,2013-05-23
7995,2012-12-20,2013-06-24
7995,2012-12-20,2013-09-23
7995,2012-12-20,2014-03-17
7995,2012-12-20,2014-05-08
7995,2012-12-20,2014-07-24
7995,2012-12-20,2014-09-29
7995,2012-12-20,2015-01-06
7995,2012-12-20,2015-02-09
7995,2012-12-20,2015-04-23
7995,2012-12-20,2015-05-30
7995,2012-12-20,2015-09-22
7995,2012-12-20,2015-11-23
7995,2012-12-20,2016-01-13
7995,2012-12-20,2016-01-21
7995,2012-12-20,2016-03-03
7995,2012-12-20,2016-03-15
7995,2012-12-20,2016-04-04
8017,2016-01-27,2016-01-14
8020,2014-07-22,2013-09-16
8048,2016-02-11,2015-12-07
8050,2015-05-27,2015-12-14
8070,2015-06-23,2014-02-28
8084,2014-12-23,2014-12-18
8086,2015-01-07,2015-01-27
8086,2015-01-07,2015-03-05
8086,2015-01-07,2015-04-30
8086,2015-01-07,2015-07-24
8086,2015-01-07,2015-10-05
8086,2015-01-07,2015-10-17
8086,2015-01-07,2016-02-02
8151,2016-02-12,2016-05-09
8167,2013-07-20,2013-01-12
8167,2013-07-20,2013-06-03
8167,2013-07-20,2013-06-17
8167,2013-07-20,2013-07-18
8167,2013-07-20,2013-09-19
8167,2013-07-20,2013-10-17
8167,2013-07-20,2013-11-14
8167,2013-07-20,2013-12-03
8167,2013-07-20,2014-01-08
8167,2013-07-20,2014-01-13
8167,2013-07-20,2014-05-12
8167,2013-07-20,2014-05-29
8167,2013-07-20,2014-06-10
8167,2013-07-20,2014-09-18
8174,2016-02-11,2016-04-04
8202,2015-01-21,2015-06-04
8202,2015-01-21,2015-12-14
8215,2014-04-19,2014-03-10
8215,2014-04-19,2015-07-22
8221,2015-03-25,2015-05-30
8221,2015-03-25,2015-12-07
8265,2015-02-03,2015-05-04
8265,2015-02-03,2015-06-19
8265,2015-02-03,2015-08-17
8274,2014-11-27,2015-04-13
8274,2014-11-27,2015-09-23
8274,2014-11-27,2015-11-30
8283,2014-12-29,2015-11-30
8291,2015-07-03,2015-09-06
8291,2015-07-03,2015-10-03
8299,2016-02-02,2015-07-16
8299,2016-02-02,2015-11-05
8306,2016-02-12,2015-04-30
8306,2016-02-12,2015-10-17
8306,2016-02-12,2016-02-02
8306,2016-02-12,2016-04-25
8320,2016-03-15,2013-04-08
8325,2015-07-05,2016-02-01
8334,2014-07-22,2014-07-10
8334,2014-07-22,2014-12-14
8334,2014-07-22,2015-07-09
8346,2012-12-20,2012-06-28
8346,2012-12-20,2013-04-20
8346,2012-12-20,2013-06-03
8346,2012-12-20,2013-06-24
8346,2012-12-20,2014-05-19
8379,2013-07-20,2013-02-06
8379,2013-07-20,2014-05-08
8393,2013-07-20,2013-01-30
8393,2013-07-20,2013-04-27
8393,2013-07-20,2013-05-23
8393,2013-07-20,2014-03-17
8393,2013-07-20,2014-08-18
8393,2013-07-20,2014-08-28
8393,2013-07-20,2014-09-01
8393,2013-07-20,2014-09-04
8438,2015-06-23,2016-03-28
8443,2013-07-20,2013-07-18
8443,2013-07-20,2013-08-28
8443,2013-07-20,2014-07-28
8443,2013-07-20,2014-12-16
8443,2013-07-20,2015-01-15
8443,2013-07-20,2015-06-22
8471,2015-02-03,2015-06-18
8480,2014-11-20,2014-11-24
8480,2014-11-20,2015-01-14
8480,2014-11-20,2015-08-26
8480,2014-11-20,2016-01-06
8480,2014-11-20,2016-01-18
8497,2015-02-28,2015-04-08
8497,2015-02-28,2015-07-13
8497,2015-02-28,2015-09-10
8497,2015-02-28,2015-09-28
8497,2015-02-28,2015-10-17
8497,2015-02-28,2015-11-26
8497,2015-02-28,2015-12-07
8497,2015-02-28,2015-12-14
8497,2015-02-28,2016-03-29
8595,2014-11-04,2014-10-31
8606,2014-11-27,2015-01-05
8606,2014-11-27,2016-03-15
8620,2012-12-20,2013-04-04
8620,2012-12-20,2013-09-27
8620,2012-12-20,2014-05-19
8620,2012-12-20,2014-11-05
8620,2012-12-20,2015-02-25
8620,2012-12-20,2015-06-18
8623,2015-05-05,2015-09-28
8623,2015-05-05,2015-12-09
8623,2015-05-05,2016-02-01
8648,2015-05-14,2015-11-02
8648,2015-05-14,2016-01-07
8697,2012-12-20,2012-11-28
8697,2012-12-20,2013-02-05
8697,2012-12-20,2013-03-23
8697,2012-12-20,2013-07-25
8697,2012-12-20,2013-08-04
8697,2012-12-20,2014-04-02
8697,2012-12-20,2014-05-08
8697,2012-12-20,2015-03-16
8697,2012-12-20,2016-04-11
8698,2014-10-03,2015-02-09
8698,2014-10-03,2015-07-06
8700,2015-01-07,2015-01-15
8700,2015-01-07,2015-06-25
8710,2013-11-17,2013-12-03
8721,2016-01-27,2016-01-28
8721,2016-01-27,2016-02-08
8721,2016-01-27,2016-02-25
8728,2014-12-08,2015-09-17
8733,2014-10-16,2014-01-31
8733,2014-10-16,2015-04-17
8733,2014-10-16,2016-04-14
8740,2014-10-16,2014-10-13
8752,2016-03-27,2016-03-31
8755,2014-08-12,2014-08-06
8755,2014-08-12,2015-03-06
8755,2014-08-12,2015-07-30
8755,2014-08-12,2015-09-22
8755,2014-08-12,2016-01-19
8755,2014-08-12,2016-02-05
8757,2012-12-20,2012-11-08
8757,2012-12-20,2013-06-06
8757,2012-12-20,2013-11-23
8757,2012-12-20,2014-02-22
8757,2012-12-20,2014-03-17
8763,2014-05-04,2013-09-05
8777,2012-12-20,2012-01-18
8777,2012-12-20,2012-02-23
8777,2012-12-20,2012-03-07
8777,2012-12-20,2012-03-26
8777,2012-12-20,2012-03-28
8777,2012-12-20,2012-04-14
8777,2012-12-20,2012-04-15
8777,2012-12-20,2012-04-30
8777,2012-12-20,2012-05-07
8777,2012-12-20,2012-05-16
8777,2012-12-20,2012-05-22
8777,2012-12-20,2012-07-09
8777,2012-12-20,2012-07-12
8777,2012-12-20,2012-07-16
8777,2012-12-20,2012-07-19
8777,2012-12-20,2012-08-26
8777,2012-12-20,2012-09-13
8777,2012-12-20,2012-09-17
8777,2012-12-20,2012-09-28
8777,2012-12-20,2012-10-11
8777,2012-12-20,2012-10-18
8777,2012-12-20,2012-11-08
8777,2012-12-20,2012-11-28
8777,2012-12-20,2013-01-06
8777,2012-12-20,2013-01-12
8777,2012-12-20,2013-01-24
8777,2012-12-20,2013-02-07
8777,2012-12-20,2013-02-14
8777,2012-12-20,2013-02-25
8777,2012-12-20,2013-03-04
8777,2012-12-20,2013-03-12
8777,2012-12-20,2013-05-09
8777,2012-12-20,2013-05-12
8777,2012-12-20,2013-05-30
8777,2012-12-20,2013-08-12
8777,2012-12-20,2013-09-16
8777,2012-12-20,2013-09-30
8777,2012-12-20,2013-10-24
8777,2012-12-20,2013-11-18
8777,2012-12-20,2014-01-13
8777,2012-12-20,2014-01-16
8777,2012-12-20,2014-01-20
8777,2012-12-20,2014-02-11
8777,2012-12-20,2014-04-02
8777,2012-12-20,2014-04-14
8777,2012-12-20,2014-04-24
8777,2012-12-20,2014-04-28
8777,2012-12-20,2014-05-05
8777,2012-12-20,2014-05-12
8777,2012-12-20,2014-06-02
8777,2012-12-20,2014-06-05
8777,2012-12-20,2014-06-11
8777,2012-12-20,2014-06-16
8777,2012-12-20,2014-07-15
8777,2012-12-20,2014-08-06
8777,2012-12-20,2014-09-10
8777,2012-12-20,2014-09-22
8777,2012-12-20,2014-10-06
8777,2012-12-20,2014-10-22
8777,2012-12-20,2014-10-30
8777,2012-12-20,2014-11-12
8777,2012-12-20,2015-01-06
8777,2012-12-20,2015-01-29
8777,2012-12-20,2015-02-01
8777,2012-12-20,2015-02-05
8777,2012-12-20,2015-03-10
8777,2012-12-20,2015-03-16
8777,2012-12-20,2015-04-08
8777,2012-12-20,2015-05-04
8777,2012-12-20,2015-05-11
8777,2012-12-20,2015-05-27
8777,2012-12-20,2015-05-30
8777,2012-12-20,2015-06-08
8777,2012-12-20,2015-06-12
8777,2012-12-20,2015-06-16
8777,2012-12-20,2015-07-16
8777,2012-12-20,2015-09-08
8777,2012-12-20,2015-09-14
8777,2012-12-20,2015-09-21
8777,2012-12-20,2015-10-08
8777,2012-12-20,2015-10-15
8777,2012-12-20,2015-10-25
8777,2012-12-20,2015-11-23
8777,2012-12-20,2015-12-07
8777,2012-12-20,2016-01-21
8777,2012-12-20,2016-02-16
8777,2012-12-20,2016-02-22
8777,2012-12-20,2016-03-09
8777,2012-12-20,2016-04-25
8777,2012-12-20,2016-05-09
8777,2012-12-20,2016-05-11
8777,2012-12-20,2016-05-18
8784,2016-01-27,2013-04-29
8784,2016-01-27,2013-08-28
8784,2016-01-27,2014-01-13
8784,2016-01-27,2014-08-25
8784,2016-01-27,2015-01-13
8796,2015-04-20,2015-05-04
8796,2015-04-20,2015-11-02
8849,2014-10-03,2015-01-05
8849,2014-10-03,2015-04-27
8862,2013-07-17,2013-07-15
8862,2013-07-17,2013-09-12
8862,2013-07-17,2013-11-14
8877,2013-11-17,2013-10-29
8877,2013-11-17,2014-08-23
8877,2013-11-17,2015-11-16
8877,2013-11-17,2016-02-22
8884,2014-09-18,2015-01-08
8884,2014-09-18,2015-01-29
8884,2014-09-18,2015-02-05
8884,2014-09-18,2015-07-16
8884,2014-09-18,2015-11-19
8978,2014-05-04,2013-09-05
8978,2014-05-04,2014-07-10
8978,2014-05-04,2015-06-09
8978,2014-05-04,2015-08-24
8978,2014-05-04,2015-11-16
9052,2016-02-02,2016-04-27
9103,2015-04-20,2015-11-26
9165,2014-12-11,2013-07-08
9165,2014-12-11,2016-02-22
9243,2014-05-04,2014-06-16
9243,2014-05-04,2014-06-30
9243,2014-05-04,2014-09-27
9243,2014-05-04,2015-01-10
9243,2014-05-04,2015-01-26
9243,2014-05-04,2015-02-21
9243,2014-05-04,2015-04-13
9243,2014-05-04,2015-04-18
9243,2014-05-04,2015-10-03
9243,2014-05-04,2016-01-11
9243,2014-05-04,2016-01-23
9243,2014-05-04,2016-03-28
9245,2014-11-11,2014-10-13
9249,2014-05-09,2014-05-29
9249,2014-05-09,2014-06-16
9249,2014-05-09,2014-12-16
9249,2014-05-09,2015-02-14
9249,2014-05-09,2015-02-21
9249,2014-05-09,2015-11-20
9276,2016-02-11,2015-05-30
9286,2016-02-09,2016-02-16
9301,2015-11-25,2016-01-14
9322,2015-09-25,2015-11-09
9323,2015-07-10,2015-10-27
9323,2015-07-10,2016-03-01
9326,2015-06-12,2015-10-26
9327,2015-09-25,2016-01-16
9327,2015-09-25,2016-02-22
9327,2015-09-25,2016-03-12
9327,2015-09-25,2016-05-14
9328,2015-07-10,2015-10-27
9328,2015-07-10,2015-11-09
9328,2015-07-10,2016-03-01
9330,2015-09-25,2016-02-17
9331,2015-09-25,2016-03-19
9331,2015-09-25,2016-05-05
9333,2015-09-09,2015-10-19
9333,2015-09-09,2016-02-16
9333,2015-09-09,2016-02-18
9333,2015-09-09,2016-04-28
9335,2015-06-12,2015-09-26
9335,2015-06-12,2016-01-09
9335,2015-06-12,2016-04-02
9335,2015-06-12,2016-05-05
9385,2015-07-07,2015-10-19
9419,2016-03-01,2015-08-24
9419,2016-03-01,2015-11-26
9847,2016-03-01,2015-01-29
9847,2016-03-01,2015-07-24
9847,2016-03-01,2016-05-17
10032,2015-12-08,2016-01-11
10034,2016-03-01,2016-01-11
10046,2015-09-25,2015-08-04
10046,2015-09-25,2015-10-03
10046,2015-09-25,2016-01-30
10046,2015-09-25,2016-03-28
10134,2016-01-19,2016-03-17
10135,2015-10-07,2016-01-12
10135,2015-10-07,2016-03-17
10139,2016-01-19,2016-01-12
10139,2016-01-19,2016-04-27
10171,2016-03-16,2016-02-01
10182,2016-02-08,2015-11-19
10183,2016-03-01,2015-11-19
10187,2016-03-01,2015-11-03
10187,2016-03-01,2016-02-02
10195,2016-04-08,2016-03-31
10201,2016-05-13,2016-01-04
10231,2016-03-16,2016-04-12
10231,2016-03-16,2016-04-18
10308,2016-01-30,2015-10-29
10328,2015-11-18,2015-11-25
10329,2016-03-04,2016-02-01
10344,2016-01-19,2015-12-02
10344,2016-01-19,2016-03-15
10351,2016-02-04,2016-03-29
10402,2016-01-19,2015-12-07
10402,2016-01-19,2016-01-25
10412,2016-01-30,2015-11-02
10416,2016-03-29,2016-02-01
10466,2016-02-29,2016-03-29
10467,2016-02-11,2016-03-29
10472,2016-02-08,2016-03-07
10472,2016-02-08,2016-04-02
10472,2016-02-08,2016-04-19
10472,2016-02-08,2016-04-25
10472,2016-02-08,2016-04-29
10472,2016-02-08,2016-05-04
10474,2016-02-08,2016-04-02
10494,2016-03-08,2016-04-25
10495,2016-04-26,2016-05-09
10497,2016-02-08,2016-01-16
10516,2016-02-11,2016-02-01
10522,2016-02-04,2016-02-22
10533,2016-04-08,2016-04-23
10533,2016-04-08,2016-05-06
10537,2016-01-30,2015-11-23
10538,2016-01-30,2015-11-23
10590,2016-02-02,2016-03-14
10596,2016-03-29,2016-03-14
10657,2016-03-08,2016-03-23
10660,2016-03-22,2016-03-23
10667,2016-03-15,2016-03-28
10673,2016-03-22,2016-03-23
10827,2016-03-27,2016-05-07
10831,2016-03-01,2016-03-29
10835,2016-03-08,2016-05-07
11260,2016-03-30,2016-04-06
11294,2016-04-25,2016-02-02
11294,2016-04-25,2016-04-18
11295,2016-04-25,2016-02-02
516,2014-11-22,
763,2014-12-23,
796,2014-11-27,
872,2015-05-05,
991,2016-03-08,
1005,2016-02-29,
1175,2014-12-11,
1213,2016-01-19,
1322,2016-02-04,
1463,2016-04-25,
1490,2015-05-26,
1581,2014-12-11,
1611,2015-06-12,
1642,2015-05-14,
1676,2016-02-02,
1700,2015-02-27,
1703,2015-09-02,
1711,2014-07-22,
1745,2014-12-23,
1957,2015-05-26,
2070,2015-03-25,
2113,2015-06-14,
2129,2015-05-05,
2145,2014-12-08,
2225,2014-12-23,
2308,2014-09-18,
2449,2015-04-20,
2573,2015-05-05,
2607,2015-07-15,
2615,2014-11-05,
2667,2016-05-17,
2724,2015-05-14,
2727,2014-10-16,
2733,2013-11-17,
2819,2015-04-20,
2968,2014-11-27,
3137,2015-03-25,
3282,2014-12-23,
3388,2015-06-12,
3396,2014-12-11,
3433,2014-11-27,
3455,2014-12-23,
3470,2015-05-05,
3483,2014-05-04,
3522,2014-10-16,
3770,2014-10-03,
3812,2015-06-12,
3882,2015-04-20,
3914,2014-07-07,
3923,2015-02-27,
4152,2014-12-23,
4203,2013-09-15,
4297,2016-04-19,
4400,2016-02-29,
4443,2014-11-27,
4669,2014-10-16,
4727,2016-03-16,
4772,2016-03-15,
4787,2014-10-03,
4948,2016-05-17,
5006,2013-11-25,
5057,2014-11-09,
5165,2015-03-15,
5350,2015-03-25,
5371,2014-12-23,
5487,2015-01-21,
5506,2014-10-03,
5509,2015-07-08,
5601,2015-06-12,
5607,2015-07-22,
5706,2016-01-27,
5707,2015-05-14,
5800,2015-07-28,
5847,2015-05-26,
5866,2016-03-08,
5888,2016-02-11,
6001,2014-05-09,
6005,2014-11-22,
6062,2016-02-19,
6131,2016-01-19,
6263,2015-03-12,
6266,2016-02-11,
6284,2014-10-03,
6370,2014-09-18,
6420,2012-05-27,
6467,2015-06-12,
6525,2014-09-18,
6642,2014-12-08,
6701,2016-03-08,
6769,2015-03-12,
6797,2016-04-19,
6808,2014-05-04,
6847,2016-03-01,
6849,2014-09-18,
6984,2014-12-08,
7017,2016-03-08,
7053,2015-04-20,
7163,2013-11-17,
7184,2016-04-21,
7405,2014-11-05,
7483,2014-12-23,
7582,2015-05-26,
7693,2016-04-19,
7714,2014-12-23,
7857,2016-02-12,
7873,2014-09-18,
7973,2015-05-14,
8026,2014-12-08,
8053,2015-02-28,
8114,2015-05-26,
8236,2016-02-11,
8335,2015-09-25,
8482,2016-05-17,
8692,2016-01-27,
8770,2016-04-07,
8805,2015-04-20,
8982,2015-05-26,
9150,2016-02-11,
9291,2016-02-02,
9311,2015-07-11,
9314,2016-03-01,
9317,2015-07-11,
9321,2015-10-22,
9329,2015-09-25,
9332,2015-12-08,
9334,2016-01-18,
9341,2016-04-13,
9383,2015-07-07,
9386,2016-02-02,
9391,2015-07-07,
9394,2015-07-07,
9396,2016-02-02,
9400,2015-07-07,
9401,2016-02-29,
9406,2015-07-08,
9407,2015-06-23,
9409,2015-07-03,
9410,2015-06-23,
9533,2016-02-19,
9550,2016-04-08,
9869,2016-05-13,
9930,2016-02-17,
10031,2016-03-04,
10035,2016-01-19,
10037,2016-01-19,
10038,2015-09-25,
10041,2016-01-19,
10045,2016-03-29,
10138,2015-10-13,
10165,2015-10-22,
10168,2016-03-15,
10169,2016-03-15,
10217,2016-03-01,
10307,2016-04-08,
10310,2016-01-19,
10317,2015-12-08,
10319,2016-04-19,
10327,2016-03-15,
10330,2016-02-29,
10332,2016-02-04,
10334,2016-04-13,
10381,2016-02-08,
10386,2016-03-09,
10393,2016-01-19,
10398,2016-04-01,
10399,2016-04-01,
10414,2016-03-15,
10462,2016-02-04,
10463,2016-02-11,
10464,2016-02-11,
10465,2016-02-11,
10468,2016-04-13,
10473,2016-02-08,
10480,2016-02-19,
10481,2016-03-15,
10482,2016-02-12,
10483,2016-02-11,
10486,2016-03-15,
10490,2016-02-11,
10496,2016-02-08,
10511,2016-02-08,
10512,2016-03-01,
10514,2016-04-21,
10515,2016-02-02,
10517,2016-02-19,
10518,2016-04-26,
10519,2016-03-22,
10525,2016-03-30,
10526,2016-02-04,
10528,2016-02-04,
10529,2016-04-08,
10532,2016-02-11,
10534,2016-03-01,
10535,2016-04-13,
10536,2016-03-28,
10585,2016-03-01,
10656,2016-05-17,
10934,2016-02-29,
10935,2016-04-01,
10936,2016-03-21,
10937,2016-02-17,
10940,2016-04-07,
10942,2016-02-17,
10943,2016-02-17,
10945,2016-03-15,
10949,2016-04-07,
10950,2016-05-17,
10953,2016-04-26,
11184,2016-05-17,
11190,2016-04-08,
11193,2016-04-19,
11197,2016-05-03,
11248,2016-02-25,
11249,2016-02-25,
11250,2016-02-25,
11251,2016-02-25,
11252,2016-02-25,
11253,2016-03-01,
11255,2016-04-14,
11262,2016-04-19,
11265,2016-03-15,
11268,2016-03-16,
11278,2016-03-29,
11280,2016-04-19,
11292,2016-02-29,
11293,2016-03-01,
11298,2016-04-21,
11311,2016-04-19,
